arctophilia,Scott,Fernandez,prosecutes189,parker83@yahoo.com,6874548150,Passport,S85579993,300002,101
shined,Cary,Fournier,sou'westers42,suzanne07@delgado.com,1932878598,Passport,809522641,300003,204
worded,Jon,Clark,bekko-ware7435,collinsdebbie@bass-brown.org,2653195700,Passport,PXVM22NJE3UWKS,200001,301
futilitarian45,Jose,Gonzalez,jaw-jawing6316,tammymarks@henderson.com,7670700796,Driver Licence,LXZK47WG,100001,201
ataunt4956,Aaron,Foley,scant2,mcarpenter@hotmail.com,6575340074,Passport,845Q6,300003,210
BISDN974,Ray,Roy,apotheosis06,norrischristina@olson.com,8202199009,Driver Licence,6ZJSQHXU8TB7,300003,307
triumviry233,Raymond,Frazier,here-being8,mariasuarez@caldwell-hill.info,3001612191,Driver Licence,SO40WR49,100003,105
Rivera,Danny,Abner,scant20,wisethomas@yahoo.com,4525588054,Passport,148889451,200002,205
anodynous746,Elbert,Rhodes,abattoirs,briancrosby@carlson.com,7816116055,Driver Licence,675978055,300002,308
derogations16,Russell,Carlson,Bloomfield,yreed@hotmail.com,3882176237,Driver Licence,J73135052,100002,103
BISDN2,Sean,Good,billable5,qbailey@willis.com,8580998674,Driver Licence,S07639775,200001,207
Byzantines60,Thomas,Lewis,transience4,wmartinez@hotmail.com,7797239863,Driver Licence,227269560,100003,302
phalanges365,Thomas,Averitt,scant35,angelamason@yahoo.com,8078753941,Passport,K3IKG0BBXW3N,200001,303
triples033,James,Lumpkin,abattoirs749,shelby86@murphy.biz,6601387585,Passport,U63007131,200002,209
prestissimo49,Christopher,Parham,chestnut,christopher40@stanley.com,4331604421,Passport,HS4J1TR2M,300002,109
triumviry,Erik,Wade,homeliness387,derekhardy@branch.com,7756574905,Driver Licence,26320283,100002,306
uncourteously9,Rex,Reeves,homeliness716,combscurtis@gmail.com,2954541878,Driver Licence,928320466,200003,201
road-roller3218,Craig,Barden,abattoirs5696,scott28@armstrong-clark.com,8383454529,Driver Licence,R55493026,200001,205
humorizing,Tim,Wagner,tremblors02,ujackson@richards-jackson.net,8755460948,Passport,838098142,300001,301
stockrooms3212,Brian,Ross,dull-brained2,foxdaniel@yahoo.com,5910806708,Driver Licence,X47548492,0,0
poussin78,Scott,Craig,eetch,davisdaniel@hotmail.com,9741724394,Driver Licence,CADTMBXW3XVN4,0,0
cooccur,Larry,Penrose,biting99,danielleacosta@estrada-singh.com,6321312285,Driver Licence,WPM7LXS5Y18OA8,0,0
holdings0,Ronald,Gayle,advocating07,kimeaton@gmail.com,3780544427,Passport,25675324,0,0
eaudecologne9,William,Mancha,parthenion2,kendra50@howell.com,8338242840,Passport,7KAG0,0,0
subsalt3,Barry,Bourgeois,chibs5,harrisdouglas@nash.com,2170687019,Driver Licence,XWFVPU,0,0
Kendal0,Timothy,Mondor,hoten,wsimpson@yahoo.com,8397687688,Driver Licence,WRTTT13OUTSG2IF,0,0
Madison1,Edward,Mcbride,parthenion5,mclaughlinjessica@hotmail.com,6611902684,Driver Licence,MN86YEMX,0,0
topsy-turvy47,Everett,Meade,dull-brained,heathervaughn@schmidt-baxter.com,8730304079,Passport,4Y8GG17MRWFHNO,0,0
outproduce6,Michael,Williams,scant62,joshua28@hotmail.com,8614790960,Driver Licence,A46905910,0,0
